ASV,level,LCT,class,order,family,genus,species,all_species
ASV207,species,Alosa sapidissima,NA,Clupeiformes,Clupeidae,Alosa,Alosa sapidissima,Alosa sapidissima
ASV55,species,Ammodytes personatus,NA,Perciformes,Ammodytidae,Ammodytes,Ammodytes personatus,Ammodytes personatus
ASV45,species,Ammodytes personatus,NA,Perciformes,Ammodytidae,Ammodytes,Ammodytes personatus,Ammodytes personatus
ASV324,species,Anoplopoma fimbria,NA,Scorpaeniformes,Anoplopomatidae,Anoplopoma,Anoplopoma fimbria,Anoplopoma fimbria
ASV436,species,Anoplopoma fimbria,NA,Scorpaeniformes,Anoplopomatidae,Anoplopoma,Anoplopoma fimbria,Anoplopoma fimbria
ASV254,species,Anoplopoma fimbria,NA,Scorpaeniformes,Anoplopomatidae,Anoplopoma,Anoplopoma fimbria,Anoplopoma fimbria
ASV259,species,Anoplopoma fimbria,NA,Scorpaeniformes,Anoplopomatidae,Anoplopoma,Anoplopoma fimbria,Anoplopoma fimbria
ASV304,species,Anoplopoma fimbria,NA,Scorpaeniformes,Anoplopomatidae,Anoplopoma,Anoplopoma fimbria,Anoplopoma fimbria
ASV395,species,Anoplopoma fimbria,NA,Scorpaeniformes,Anoplopomatidae,Anoplopoma,Anoplopoma fimbria,Anoplopoma fimbria
ASV402,species,Anoplopoma fimbria,NA,Scorpaeniformes,Anoplopomatidae,Anoplopoma,Anoplopoma fimbria,Anoplopoma fimbria
ASV439,species,Anoplopoma fimbria,NA,Scorpaeniformes,Anoplopomatidae,Anoplopoma,Anoplopoma fimbria,Anoplopoma fimbria
ASV500,species,Anoplopoma fimbria,NA,Scorpaeniformes,Anoplopomatidae,Anoplopoma,Anoplopoma fimbria,Anoplopoma fimbria
ASV7,species,Anoplopoma fimbria,NA,Scorpaeniformes,Anoplopomatidae,Anoplopoma,Anoplopoma fimbria,Anoplopoma fimbria
ASV570,species,Anoplopoma fimbria,NA,Scorpaeniformes,Anoplopomatidae,Anoplopoma,Anoplopoma fimbria,Anoplopoma fimbria
ASV576,species,Anoplopoma fimbria,NA,Scorpaeniformes,Anoplopomatidae,Anoplopoma,Anoplopoma fimbria,Anoplopoma fimbria
ASV589,species,Anoplopoma fimbria,NA,Scorpaeniformes,Anoplopomatidae,Anoplopoma,Anoplopoma fimbria,Anoplopoma fimbria
ASV599,species,Anoplopoma fimbria,NA,Scorpaeniformes,Anoplopomatidae,Anoplopoma,Anoplopoma fimbria,Anoplopoma fimbria
ASV54,species,Artedius lateralis,NA,Scorpaeniformes,Cottidae,Artedius,Artedius lateralis,Artedius lateralis
ASV39,species,Citharichthys sordidus,NA,Pleuronectiformes,Paralichthyidae,Citharichthys,Citharichthys sordidus,Citharichthys sordidus
ASV559,species,Citharichthys sordidus,NA,Pleuronectiformes,Paralichthyidae,Citharichthys,Citharichthys sordidus,Citharichthys sordidus
ASV604,species,Citharichthys sordidus,NA,Pleuronectiformes,Paralichthyidae,Citharichthys,Citharichthys sordidus,Citharichthys sordidus
ASV616,species,Citharichthys sordidus,NA,Pleuronectiformes,Paralichthyidae,Citharichthys,Citharichthys sordidus,Citharichthys sordidus
ASV230,species,Citharichthys stigmaeus,NA,Pleuronectiformes,Paralichthyidae,Citharichthys,Citharichthys stigmaeus,Citharichthys stigmaeus
ASV32,species,Citharichthys stigmaeus,NA,Pleuronectiformes,Paralichthyidae,Citharichthys,Citharichthys stigmaeus,Citharichthys stigmaeus
ASV1,species,Clupea pallasii,NA,Clupeiformes,Clupeidae,Clupea,Clupea pallasii,Clupea pallasii
ASV104,species,Clupea pallasii,NA,Clupeiformes,Clupeidae,Clupea,Clupea pallasii,Clupea pallasii
ASV210,species,Clupea pallasii,NA,Clupeiformes,Clupeidae,Clupea,Clupea pallasii,Clupea pallasii
ASV113,species,Clupea pallasii,NA,Clupeiformes,Clupeidae,Clupea,Clupea pallasii,Clupea pallasii
ASV116,species,Clupea pallasii,NA,Clupeiformes,Clupeidae,Clupea,Clupea pallasii,Clupea pallasii
ASV129,species,Clupea pallasii,NA,Clupeiformes,Clupeidae,Clupea,Clupea pallasii,Clupea pallasii
ASV136,species,Clupea pallasii,NA,Clupeiformes,Clupeidae,Clupea,Clupea pallasii,Clupea pallasii
ASV152,species,Clupea pallasii,NA,Clupeiformes,Clupeidae,Clupea,Clupea pallasii,Clupea pallasii
ASV156,species,Clupea pallasii,NA,Clupeiformes,Clupeidae,Clupea,Clupea pallasii,Clupea pallasii
ASV157,species,Clupea pallasii,NA,Clupeiformes,Clupeidae,Clupea,Clupea pallasii,Clupea pallasii
ASV158,species,Clupea pallasii,NA,Clupeiformes,Clupeidae,Clupea,Clupea pallasii,Clupea pallasii
ASV160,species,Clupea pallasii,NA,Clupeiformes,Clupeidae,Clupea,Clupea pallasii,Clupea pallasii
ASV165,species,Clupea pallasii,NA,Clupeiformes,Clupeidae,Clupea,Clupea pallasii,Clupea pallasii
ASV168,species,Clupea pallasii,NA,Clupeiformes,Clupeidae,Clupea,Clupea pallasii,Clupea pallasii
ASV169,species,Clupea pallasii,NA,Clupeiformes,Clupeidae,Clupea,Clupea pallasii,Clupea pallasii
ASV171,species,Clupea pallasii,NA,Clupeiformes,Clupeidae,Clupea,Clupea pallasii,Clupea pallasii
ASV175,species,Clupea pallasii,NA,Clupeiformes,Clupeidae,Clupea,Clupea pallasii,Clupea pallasii
ASV18,species,Clupea pallasii,NA,Clupeiformes,Clupeidae,Clupea,Clupea pallasii,Clupea pallasii
ASV180,species,Clupea pallasii,NA,Clupeiformes,Clupeidae,Clupea,Clupea pallasii,Clupea pallasii
ASV19,species,Clupea pallasii,NA,Clupeiformes,Clupeidae,Clupea,Clupea pallasii,Clupea pallasii
ASV190,species,Clupea pallasii,NA,Clupeiformes,Clupeidae,Clupea,Clupea pallasii,Clupea pallasii
ASV191,species,Clupea pallasii,NA,Clupeiformes,Clupeidae,Clupea,Clupea pallasii,Clupea pallasii
ASV197,species,Clupea pallasii,NA,Clupeiformes,Clupeidae,Clupea,Clupea pallasii,Clupea pallasii
ASV201,species,Clupea pallasii,NA,Clupeiformes,Clupeidae,Clupea,Clupea pallasii,Clupea pallasii
ASV206,species,Clupea pallasii,NA,Clupeiformes,Clupeidae,Clupea,Clupea pallasii,Clupea pallasii
ASV214,species,Clupea pallasii,NA,Clupeiformes,Clupeidae,Clupea,Clupea pallasii,Clupea pallasii
ASV231,species,Clupea pallasii,NA,Clupeiformes,Clupeidae,Clupea,Clupea pallasii,Clupea pallasii
ASV242,species,Clupea pallasii,NA,Clupeiformes,Clupeidae,Clupea,Clupea pallasii,Clupea pallasii
ASV245,species,Clupea pallasii,NA,Clupeiformes,Clupeidae,Clupea,Clupea pallasii,Clupea pallasii
ASV247,species,Clupea pallasii,NA,Clupeiformes,Clupeidae,Clupea,Clupea pallasii,Clupea pallasii
ASV257,species,Clupea pallasii,NA,Clupeiformes,Clupeidae,Clupea,Clupea pallasii,Clupea pallasii
ASV261,species,Clupea pallasii,NA,Clupeiformes,Clupeidae,Clupea,Clupea pallasii,Clupea pallasii
ASV262,species,Clupea pallasii,NA,Clupeiformes,Clupeidae,Clupea,Clupea pallasii,Clupea pallasii
ASV264,species,Clupea pallasii,NA,Clupeiformes,Clupeidae,Clupea,Clupea pallasii,Clupea pallasii
ASV265,species,Clupea pallasii,NA,Clupeiformes,Clupeidae,Clupea,Clupea pallasii,Clupea pallasii
ASV273,species,Clupea pallasii,NA,Clupeiformes,Clupeidae,Clupea,Clupea pallasii,Clupea pallasii
ASV384,species,Clupea pallasii,NA,Clupeiformes,Clupeidae,Clupea,Clupea pallasii,Clupea pallasii
ASV283,species,Clupea pallasii,NA,Clupeiformes,Clupeidae,Clupea,Clupea pallasii,Clupea pallasii
ASV285,species,Clupea pallasii,NA,Clupeiformes,Clupeidae,Clupea,Clupea pallasii,Clupea pallasii
ASV286,species,Clupea pallasii,NA,Clupeiformes,Clupeidae,Clupea,Clupea pallasii,Clupea pallasii
ASV297,species,Clupea pallasii,NA,Clupeiformes,Clupeidae,Clupea,Clupea pallasii,Clupea pallasii
ASV299,species,Clupea pallasii,NA,Clupeiformes,Clupeidae,Clupea,Clupea pallasii,Clupea pallasii
ASV313,species,Clupea pallasii,NA,Clupeiformes,Clupeidae,Clupea,Clupea pallasii,Clupea pallasii
ASV419,species,Clupea pallasii,NA,Clupeiformes,Clupeidae,Clupea,Clupea pallasii,Clupea pallasii
ASV326,species,Clupea pallasii,NA,Clupeiformes,Clupeidae,Clupea,Clupea pallasii,Clupea pallasii
ASV332,species,Clupea pallasii,NA,Clupeiformes,Clupeidae,Clupea,Clupea pallasii,Clupea pallasii
ASV334,species,Clupea pallasii,NA,Clupeiformes,Clupeidae,Clupea,Clupea pallasii,Clupea pallasii
ASV521,species,Clupea pallasii,NA,Clupeiformes,Clupeidae,Clupea,Clupea pallasii,Clupea pallasii
ASV35,species,Clupea pallasii,NA,Clupeiformes,Clupeidae,Clupea,Clupea pallasii,Clupea pallasii
ASV351,species,Clupea pallasii,NA,Clupeiformes,Clupeidae,Clupea,Clupea pallasii,Clupea pallasii
ASV352,species,Clupea pallasii,NA,Clupeiformes,Clupeidae,Clupea,Clupea pallasii,Clupea pallasii
ASV359,species,Clupea pallasii,NA,Clupeiformes,Clupeidae,Clupea,Clupea pallasii,Clupea pallasii
ASV451,species,Clupea pallasii,NA,Clupeiformes,Clupeidae,Clupea,Clupea pallasii,Clupea pallasii
ASV360,species,Clupea pallasii,NA,Clupeiformes,Clupeidae,Clupea,Clupea pallasii,Clupea pallasii
ASV365,species,Clupea pallasii,NA,Clupeiformes,Clupeidae,Clupea,Clupea pallasii,Clupea pallasii
ASV369,species,Clupea pallasii,NA,Clupeiformes,Clupeidae,Clupea,Clupea pallasii,Clupea pallasii
ASV385,species,Clupea pallasii,NA,Clupeiformes,Clupeidae,Clupea,Clupea pallasii,Clupea pallasii
ASV386,species,Clupea pallasii,NA,Clupeiformes,Clupeidae,Clupea,Clupea pallasii,Clupea pallasii
ASV394,species,Clupea pallasii,NA,Clupeiformes,Clupeidae,Clupea,Clupea pallasii,Clupea pallasii
ASV494,species,Clupea pallasii,NA,Clupeiformes,Clupeidae,Clupea,Clupea pallasii,Clupea pallasii
ASV408,species,Clupea pallasii,NA,Clupeiformes,Clupeidae,Clupea,Clupea pallasii,Clupea pallasii
ASV420,species,Clupea pallasii,NA,Clupeiformes,Clupeidae,Clupea,Clupea pallasii,Clupea pallasii
ASV429,species,Clupea pallasii,NA,Clupeiformes,Clupeidae,Clupea,Clupea pallasii,Clupea pallasii
ASV430,species,Clupea pallasii,NA,Clupeiformes,Clupeidae,Clupea,Clupea pallasii,Clupea pallasii
ASV433,species,Clupea pallasii,NA,Clupeiformes,Clupeidae,Clupea,Clupea pallasii,Clupea pallasii
ASV441,species,Clupea pallasii,NA,Clupeiformes,Clupeidae,Clupea,Clupea pallasii,Clupea pallasii
ASV443,species,Clupea pallasii,NA,Clupeiformes,Clupeidae,Clupea,Clupea pallasii,Clupea pallasii
ASV457,species,Clupea pallasii,NA,Clupeiformes,Clupeidae,Clupea,Clupea pallasii,Clupea pallasii
ASV462,species,Clupea pallasii,NA,Clupeiformes,Clupeidae,Clupea,Clupea pallasii,Clupea pallasii
ASV471,species,Clupea pallasii,NA,Clupeiformes,Clupeidae,Clupea,Clupea pallasii,Clupea pallasii
ASV472,species,Clupea pallasii,NA,Clupeiformes,Clupeidae,Clupea,Clupea pallasii,Clupea pallasii
ASV477,species,Clupea pallasii,NA,Clupeiformes,Clupeidae,Clupea,Clupea pallasii,Clupea pallasii
ASV581,species,Clupea pallasii,NA,Clupeiformes,Clupeidae,Clupea,Clupea pallasii,Clupea pallasii
ASV582,species,Clupea pallasii,NA,Clupeiformes,Clupeidae,Clupea,Clupea pallasii,Clupea pallasii
ASV506,species,Clupea pallasii,NA,Clupeiformes,Clupeidae,Clupea,Clupea pallasii,Clupea pallasii
ASV611,species,Clupea pallasii,NA,Clupeiformes,Clupeidae,Clupea,Clupea pallasii,Clupea pallasii
ASV527,species,Clupea pallasii,NA,Clupeiformes,Clupeidae,Clupea,Clupea pallasii,Clupea pallasii
ASV53,species,Clupea pallasii,NA,Clupeiformes,Clupeidae,Clupea,Clupea pallasii,Clupea pallasii
ASV641,species,Clupea pallasii,NA,Clupeiformes,Clupeidae,Clupea,Clupea pallasii,Clupea pallasii
ASV536,species,Clupea pallasii,NA,Clupeiformes,Clupeidae,Clupea,Clupea pallasii,Clupea pallasii
ASV72,species,Clupea pallasii,NA,Clupeiformes,Clupeidae,Clupea,Clupea pallasii,Clupea pallasii
ASV541,species,Clupea pallasii,NA,Clupeiformes,Clupeidae,Clupea,Clupea pallasii,Clupea pallasii
ASV542,species,Clupea pallasii,NA,Clupeiformes,Clupeidae,Clupea,Clupea pallasii,Clupea pallasii
ASV565,species,Clupea pallasii,NA,Clupeiformes,Clupeidae,Clupea,Clupea pallasii,Clupea pallasii
ASV575,species,Clupea pallasii,NA,Clupeiformes,Clupeidae,Clupea,Clupea pallasii,Clupea pallasii
ASV617,species,Clupea pallasii,NA,Clupeiformes,Clupeidae,Clupea,Clupea pallasii,Clupea pallasii
ASV645,species,Clupea pallasii,NA,Clupeiformes,Clupeidae,Clupea,Clupea pallasii,Clupea pallasii
ASV68,species,Clupea pallasii,NA,Clupeiformes,Clupeidae,Clupea,Clupea pallasii,Clupea pallasii
ASV74,species,Clupea pallasii,NA,Clupeiformes,Clupeidae,Clupea,Clupea pallasii,Clupea pallasii
ASV82,species,Clupea pallasii,NA,Clupeiformes,Clupeidae,Clupea,Clupea pallasii,Clupea pallasii
ASV198,species,Clupea pallasii,NA,Clupeiformes,Clupeidae,Clupea,Clupea pallasii,Clupea pallasii
ASV240,species,Clupea pallasii,NA,Clupeiformes,Clupeidae,Clupea,Clupea pallasii,Clupea pallasii
ASV327,species,Clupea pallasii,NA,Clupeiformes,Clupeidae,Clupea,Clupea pallasii,Clupea pallasii
ASV424,species,Clupea pallasii,NA,Clupeiformes,Clupeidae,Clupea,Clupea pallasii,Clupea pallasii
ASV59,species,Clupea pallasii,NA,Clupeiformes,Clupeidae,Clupea,Clupea pallasii,Clupea pallasii
ASV637,species,Clupea pallasii,NA,Clupeiformes,Clupeidae,Clupea,Clupea pallasii,Clupea pallasii
ASV224,species,Clupea pallasii,NA,Clupeiformes,Clupeidae,Clupea,Clupea pallasii,Clupea pallasii
ASV63,species,Clupea pallasii,NA,Clupeiformes,Clupeidae,Clupea,Clupea pallasii,Clupea pallasii
ASV90,species,Clupea pallasii,NA,Clupeiformes,Clupeidae,Clupea,Clupea pallasii,Clupea pallasii
ASV41,species,Cryptacanthodes aleutensis,NA,Perciformes,Cryptacanthodidae,Cryptacanthodes,Cryptacanthodes aleutensis,Cryptacanthodes aleutensis
ASV412,species,Cymatogaster aggregata,NA,Perciformes,Embiotocidae,Cymatogaster,Cymatogaster aggregata,Cymatogaster aggregata
ASV423,species,Cymatogaster aggregata,NA,Perciformes,Embiotocidae,Cymatogaster,Cymatogaster aggregata,Cymatogaster aggregata
ASV440,species,Cymatogaster aggregata,NA,Perciformes,Embiotocidae,Cymatogaster,Cymatogaster aggregata,Cymatogaster aggregata
ASV58,species,Cymatogaster aggregata,NA,Perciformes,Embiotocidae,Cymatogaster,Cymatogaster aggregata,Cymatogaster aggregata
ASV21,species,Embiotoca lateralis,NA,Perciformes,Embiotocidae,Embiotoca,Embiotoca lateralis,Embiotoca lateralis
ASV253,species,Embiotoca lateralis,NA,Perciformes,Embiotocidae,Embiotoca,Embiotoca lateralis,Embiotoca lateralis
ASV263,species,Embiotoca lateralis,NA,Perciformes,Embiotocidae,Embiotoca,Embiotoca lateralis,Embiotoca lateralis
ASV467,species,Embiotoca lateralis,NA,Perciformes,Embiotocidae,Embiotoca,Embiotoca lateralis,Embiotoca lateralis
ASV539,species,Embiotoca lateralis,NA,Perciformes,Embiotocidae,Embiotoca,Embiotoca lateralis,Embiotoca lateralis
ASV244,species,Engraulis mordax,NA,Clupeiformes,Engraulidae,Engraulis,Engraulis mordax,Engraulis mordax
ASV61,species,Enophrys bison,NA,Scorpaeniformes,Cottidae,Enophrys,Enophrys bison,Enophrys bison
ASV15,species,Glyptocephalus zachirus,NA,Pleuronectiformes,Pleuronectidae,Glyptocephalus,Glyptocephalus zachirus,Glyptocephalus zachirus
ASV296,species,Glyptocephalus zachirus,NA,Pleuronectiformes,Pleuronectidae,Glyptocephalus,Glyptocephalus zachirus,Glyptocephalus zachirus
ASV478,species,Glyptocephalus zachirus,NA,Pleuronectiformes,Pleuronectidae,Glyptocephalus,Glyptocephalus zachirus,Glyptocephalus zachirus
ASV387,species,Glyptocephalus zachirus,NA,Pleuronectiformes,Pleuronectidae,Glyptocephalus,Glyptocephalus zachirus,Glyptocephalus zachirus
ASV635,species,Glyptocephalus zachirus,NA,Pleuronectiformes,Pleuronectidae,Glyptocephalus,Glyptocephalus zachirus,Glyptocephalus zachirus
ASV64,species,Glyptocephalus zachirus,NA,Pleuronectiformes,Pleuronectidae,Glyptocephalus,Glyptocephalus zachirus,Glyptocephalus zachirus
ASV400,species,Glyptocephalus zachirus,NA,Pleuronectiformes,Pleuronectidae,Glyptocephalus,Glyptocephalus zachirus,Glyptocephalus zachirus
ASV333,species,Glyptocephalus zachirus,NA,Pleuronectiformes,Pleuronectidae,Glyptocephalus,Glyptocephalus zachirus,Glyptocephalus zachirus
ASV490,species,Glyptocephalus zachirus,NA,Pleuronectiformes,Pleuronectidae,Glyptocephalus,Glyptocephalus zachirus,Glyptocephalus zachirus
ASV378,species,Glyptocephalus zachirus,NA,Pleuronectiformes,Pleuronectidae,Glyptocephalus,Glyptocephalus zachirus,Glyptocephalus zachirus
ASV411,species,Glyptocephalus zachirus,NA,Pleuronectiformes,Pleuronectidae,Glyptocephalus,Glyptocephalus zachirus,Glyptocephalus zachirus
ASV163,species,Gobiesox maeandricus,NA,Gobiesociformes,Gobiesocidae,Gobiesox,Gobiesox maeandricus,Gobiesox maeandricus
ASV509,species,Gobiesox maeandricus,NA,Gobiesociformes,Gobiesocidae,Gobiesox,Gobiesox maeandricus,Gobiesox maeandricus
ASV36,species,Hexagrammos decagrammus,NA,Scorpaeniformes,Hexagrammidae,Hexagrammos,Hexagrammos decagrammus,Hexagrammos decagrammus
ASV401,species,Hexagrammos decagrammus,NA,Scorpaeniformes,Hexagrammidae,Hexagrammos,Hexagrammos decagrammus,Hexagrammos decagrammus
ASV558,species,Hexagrammos decagrammus,NA,Scorpaeniformes,Hexagrammidae,Hexagrammos,Hexagrammos decagrammus,Hexagrammos decagrammus
ASV25,species,Hippoglossus stenolepis,NA,Pleuronectiformes,Pleuronectidae,Hippoglossus,Hippoglossus stenolepis,Hippoglossus stenolepis
ASV305,species,Hippoglossus stenolepis,NA,Pleuronectiformes,Pleuronectidae,Hippoglossus,Hippoglossus stenolepis,Hippoglossus stenolepis
ASV367,species,Hippoglossus stenolepis,NA,Pleuronectiformes,Pleuronectidae,Hippoglossus,Hippoglossus stenolepis,Hippoglossus stenolepis
ASV620,species,Hippoglossus stenolepis,NA,Pleuronectiformes,Pleuronectidae,Hippoglossus,Hippoglossus stenolepis,Hippoglossus stenolepis
ASV76,species,Hippoglossus stenolepis,NA,Pleuronectiformes,Pleuronectidae,Hippoglossus,Hippoglossus stenolepis,Hippoglossus stenolepis
ASV450,species,Hydrolagus colliei,Holocephali,Chimaeriformes,Chimaeridae,Hydrolagus,Hydrolagus colliei,Hydrolagus colliei
ASV46,species,Hydrolagus colliei,Holocephali,Chimaeriformes,Chimaeridae,Hydrolagus,Hydrolagus colliei,Hydrolagus colliei
ASV465,species,Lyopsetta exilis,NA,Pleuronectiformes,Pleuronectidae,Lyopsetta,Lyopsetta exilis,Lyopsetta exilis
ASV208,species,Mallotus villosus,NA,Osmeriformes,Osmeridae,Mallotus,Mallotus villosus,Mallotus villosus
ASV114,species,Merluccius productus,NA,Gadiformes,Merlucciidae,Merluccius,Merluccius productus,Merluccius productus
ASV166,species,Merluccius productus,NA,Gadiformes,Merlucciidae,Merluccius,Merluccius productus,Merluccius productus
ASV280,species,Merluccius productus,NA,Gadiformes,Merlucciidae,Merluccius,Merluccius productus,Merluccius productus
ASV188,species,Merluccius productus,NA,Gadiformes,Merlucciidae,Merluccius,Merluccius productus,Merluccius productus
ASV199,species,Merluccius productus,NA,Gadiformes,Merlucciidae,Merluccius,Merluccius productus,Merluccius productus
ASV204,species,Merluccius productus,NA,Gadiformes,Merlucciidae,Merluccius,Merluccius productus,Merluccius productus
ASV222,species,Merluccius productus,NA,Gadiformes,Merlucciidae,Merluccius,Merluccius productus,Merluccius productus
ASV356,species,Merluccius productus,NA,Gadiformes,Merlucciidae,Merluccius,Merluccius productus,Merluccius productus
ASV373,species,Merluccius productus,NA,Gadiformes,Merlucciidae,Merluccius,Merluccius productus,Merluccius productus
ASV3,species,Merluccius productus,NA,Gadiformes,Merlucciidae,Merluccius,Merluccius productus,Merluccius productus
ASV343,species,Merluccius productus,NA,Gadiformes,Merlucciidae,Merluccius,Merluccius productus,Merluccius productus
ASV357,species,Merluccius productus,NA,Gadiformes,Merlucciidae,Merluccius,Merluccius productus,Merluccius productus
ASV358,species,Merluccius productus,NA,Gadiformes,Merlucciidae,Merluccius,Merluccius productus,Merluccius productus
ASV455,species,Merluccius productus,NA,Gadiformes,Merlucciidae,Merluccius,Merluccius productus,Merluccius productus
ASV461,species,Merluccius productus,NA,Gadiformes,Merlucciidae,Merluccius,Merluccius productus,Merluccius productus
ASV476,species,Merluccius productus,NA,Gadiformes,Merlucciidae,Merluccius,Merluccius productus,Merluccius productus
ASV495,species,Merluccius productus,NA,Gadiformes,Merlucciidae,Merluccius,Merluccius productus,Merluccius productus
ASV504,species,Merluccius productus,NA,Gadiformes,Merlucciidae,Merluccius,Merluccius productus,Merluccius productus
ASV514,species,Merluccius productus,NA,Gadiformes,Merlucciidae,Merluccius,Merluccius productus,Merluccius productus
ASV517,species,Merluccius productus,NA,Gadiformes,Merlucciidae,Merluccius,Merluccius productus,Merluccius productus
ASV564,species,Merluccius productus,NA,Gadiformes,Merlucciidae,Merluccius,Merluccius productus,Merluccius productus
ASV566,species,Merluccius productus,NA,Gadiformes,Merlucciidae,Merluccius,Merluccius productus,Merluccius productus
ASV584,species,Merluccius productus,NA,Gadiformes,Merlucciidae,Merluccius,Merluccius productus,Merluccius productus
ASV445,species,Microstomus pacificus,NA,Pleuronectiformes,Pleuronectidae,Microstomus,Microstomus pacificus,Microstomus pacificus
ASV49,species,Microstomus pacificus,NA,Pleuronectiformes,Pleuronectidae,Microstomus,Microstomus pacificus,Microstomus pacificus
ASV94,species,Odontopyxis trispinosa,NA,Scorpaeniformes,Agonidae,Odontopyxis,Odontopyxis trispinosa,Odontopyxis trispinosa
ASV140,species,Oncorhynchus gorbuscha,NA,Salmoniformes,Salmonidae,Oncorhynchus,Oncorhynchus gorbuscha,Oncorhynchus gorbuscha
ASV189,species,Oncorhynchus gorbuscha,NA,Salmoniformes,Salmonidae,Oncorhynchus,Oncorhynchus gorbuscha,Oncorhynchus gorbuscha
ASV308,species,Oncorhynchus gorbuscha,NA,Salmoniformes,Salmonidae,Oncorhynchus,Oncorhynchus gorbuscha,Oncorhynchus gorbuscha
ASV444,species,Oncorhynchus gorbuscha,NA,Salmoniformes,Salmonidae,Oncorhynchus,Oncorhynchus gorbuscha,Oncorhynchus gorbuscha
ASV368,species,Oncorhynchus gorbuscha,NA,Salmoniformes,Salmonidae,Oncorhynchus,Oncorhynchus gorbuscha,Oncorhynchus gorbuscha
ASV389,species,Oncorhynchus gorbuscha,NA,Salmoniformes,Salmonidae,Oncorhynchus,Oncorhynchus gorbuscha,Oncorhynchus gorbuscha
ASV458,species,Oncorhynchus gorbuscha,NA,Salmoniformes,Salmonidae,Oncorhynchus,Oncorhynchus gorbuscha,Oncorhynchus gorbuscha
ASV9,species,Oncorhynchus gorbuscha,NA,Salmoniformes,Salmonidae,Oncorhynchus,Oncorhynchus gorbuscha,Oncorhynchus gorbuscha
ASV629,species,Oncorhynchus gorbuscha,NA,Salmoniformes,Salmonidae,Oncorhynchus,Oncorhynchus gorbuscha,Oncorhynchus gorbuscha
ASV83,species,Oncorhynchus gorbuscha,NA,Salmoniformes,Salmonidae,Oncorhynchus,Oncorhynchus gorbuscha,Oncorhynchus gorbuscha
ASV12,species,Oncorhynchus keta,NA,Salmoniformes,Salmonidae,Oncorhynchus,Oncorhynchus keta,Oncorhynchus keta
ASV314,species,Oncorhynchus keta,NA,Salmoniformes,Salmonidae,Oncorhynchus,Oncorhynchus keta,Oncorhynchus keta
ASV417,species,Oncorhynchus keta,NA,Salmoniformes,Salmonidae,Oncorhynchus,Oncorhynchus keta,Oncorhynchus keta
ASV449,species,Oncorhynchus keta,NA,Salmoniformes,Salmonidae,Oncorhynchus,Oncorhynchus keta,Oncorhynchus keta
ASV481,species,Oncorhynchus keta,NA,Salmoniformes,Salmonidae,Oncorhynchus,Oncorhynchus keta,Oncorhynchus keta
ASV534,species,Oncorhynchus keta,NA,Salmoniformes,Salmonidae,Oncorhynchus,Oncorhynchus keta,Oncorhynchus keta
ASV588,species,Oncorhynchus keta,NA,Salmoniformes,Salmonidae,Oncorhynchus,Oncorhynchus keta,Oncorhynchus keta
ASV432,species,Oncorhynchus kisutch,NA,Salmoniformes,Salmonidae,Oncorhynchus,Oncorhynchus kisutch,Oncorhynchus kisutch
ASV5,species,Oncorhynchus kisutch,NA,Salmoniformes,Salmonidae,Oncorhynchus,Oncorhynchus kisutch,Oncorhynchus kisutch
ASV639,species,Oncorhynchus kisutch,NA,Salmoniformes,Salmonidae,Oncorhynchus,Oncorhynchus kisutch,Oncorhynchus kisutch
ASV101,species,Oncorhynchus nerka,NA,Salmoniformes,Salmonidae,Oncorhynchus,Oncorhynchus nerka,Oncorhynchus nerka
ASV488,species,Oncorhynchus nerka,NA,Salmoniformes,Salmonidae,Oncorhynchus,Oncorhynchus nerka,Oncorhynchus nerka
ASV579,species,Oncorhynchus nerka,NA,Salmoniformes,Salmonidae,Oncorhynchus,Oncorhynchus nerka,Oncorhynchus nerka
ASV526,species,Oncorhynchus nerka,NA,Salmoniformes,Salmonidae,Oncorhynchus,Oncorhynchus nerka,Oncorhynchus nerka
ASV547,species,Oncorhynchus nerka,NA,Salmoniformes,Salmonidae,Oncorhynchus,Oncorhynchus nerka,Oncorhynchus nerka
ASV553,species,Oncorhynchus nerka,NA,Salmoniformes,Salmonidae,Oncorhynchus,Oncorhynchus nerka,Oncorhynchus nerka
ASV567,species,Oncorhynchus nerka,NA,Salmoniformes,Salmonidae,Oncorhynchus,Oncorhynchus nerka,Oncorhynchus nerka
ASV8,species,Oncorhynchus nerka,NA,Salmoniformes,Salmonidae,Oncorhynchus,Oncorhynchus nerka,Oncorhynchus nerka
ASV106,species,Oncorhynchus nerka,NA,Salmoniformes,Salmonidae,Oncorhynchus,Oncorhynchus nerka,Oncorhynchus nerka
ASV593,species,Oncorhynchus nerka,NA,Salmoniformes,Salmonidae,Oncorhynchus,Oncorhynchus nerka,Oncorhynchus nerka
ASV144,species,Oncorhynchus nerka,NA,Salmoniformes,Salmonidae,Oncorhynchus,Oncorhynchus nerka,Oncorhynchus nerka
ASV630,species,Oncorhynchus nerka,NA,Salmoniformes,Salmonidae,Oncorhynchus,Oncorhynchus nerka,Oncorhynchus nerka
ASV213,species,Oncorhynchus nerka,NA,Salmoniformes,Salmonidae,Oncorhynchus,Oncorhynchus nerka,Oncorhynchus nerka
ASV176,species,Oncorhynchus nerka,NA,Salmoniformes,Salmonidae,Oncorhynchus,Oncorhynchus nerka,Oncorhynchus nerka
ASV186,species,Oncorhynchus nerka,NA,Salmoniformes,Salmonidae,Oncorhynchus,Oncorhynchus nerka,Oncorhynchus nerka
ASV249,species,Oncorhynchus nerka,NA,Salmoniformes,Salmonidae,Oncorhynchus,Oncorhynchus nerka,Oncorhynchus nerka
ASV614,species,Oncorhynchus nerka,NA,Salmoniformes,Salmonidae,Oncorhynchus,Oncorhynchus nerka,Oncorhynchus nerka
ASV431,species,Oncorhynchus nerka,NA,Salmoniformes,Salmonidae,Oncorhynchus,Oncorhynchus nerka,Oncorhynchus nerka
ASV632,species,Oncorhynchus nerka,NA,Salmoniformes,Salmonidae,Oncorhynchus,Oncorhynchus nerka,Oncorhynchus nerka
ASV519,species,Oncorhynchus nerka,NA,Salmoniformes,Salmonidae,Oncorhynchus,Oncorhynchus nerka,Oncorhynchus nerka
ASV139,species,Oncorhynchus nerka,NA,Salmoniformes,Salmonidae,Oncorhynchus,Oncorhynchus nerka,Oncorhynchus nerka
ASV531,species,Oncorhynchus nerka,NA,Salmoniformes,Salmonidae,Oncorhynchus,Oncorhynchus nerka,Oncorhynchus nerka
ASV4,species,Oncorhynchus nerka,NA,Salmoniformes,Salmonidae,Oncorhynchus,Oncorhynchus nerka,Oncorhynchus nerka
ASV43,species,Oncorhynchus nerka,NA,Salmoniformes,Salmonidae,Oncorhynchus,Oncorhynchus nerka,Oncorhynchus nerka
ASV510,species,Oncorhynchus nerka,NA,Salmoniformes,Salmonidae,Oncorhynchus,Oncorhynchus nerka,Oncorhynchus nerka
ASV413,species,Oncorhynchus nerka,NA,Salmoniformes,Salmonidae,Oncorhynchus,Oncorhynchus nerka,Oncorhynchus nerka
ASV631,species,Oncorhynchus nerka,NA,Salmoniformes,Salmonidae,Oncorhynchus,Oncorhynchus nerka,Oncorhynchus nerka
ASV13,species,Oncorhynchus tshawytscha,NA,Salmoniformes,Salmonidae,Oncorhynchus,Oncorhynchus tshawytscha,Oncorhynchus tshawytscha
ASV133,species,Oncorhynchus tshawytscha,NA,Salmoniformes,Salmonidae,Oncorhynchus,Oncorhynchus tshawytscha,Oncorhynchus tshawytscha
ASV235,species,Oncorhynchus tshawytscha,NA,Salmoniformes,Salmonidae,Oncorhynchus,Oncorhynchus tshawytscha,Oncorhynchus tshawytscha
ASV349,species,Oncorhynchus tshawytscha,NA,Salmoniformes,Salmonidae,Oncorhynchus,Oncorhynchus tshawytscha,Oncorhynchus tshawytscha
ASV376,species,Oncorhynchus tshawytscha,NA,Salmoniformes,Salmonidae,Oncorhynchus,Oncorhynchus tshawytscha,Oncorhynchus tshawytscha
ASV62,species,Oncorhynchus tshawytscha,NA,Salmoniformes,Salmonidae,Oncorhynchus,Oncorhynchus tshawytscha,Oncorhynchus tshawytscha
ASV524,species,Oncorhynchus tshawytscha,NA,Salmoniformes,Salmonidae,Oncorhynchus,Oncorhynchus tshawytscha,Oncorhynchus tshawytscha
ASV22,species,Pholis clemensi,NA,Perciformes,Pholidae,Pholis,Pholis clemensi,Pholis clemensi
ASV47,species,Pholis laeta,NA,Perciformes,Pholidae,Pholis,Pholis laeta,Pholis laeta
ASV550,species,Pholis laeta,NA,Perciformes,Pholidae,Pholis,Pholis laeta,Pholis laeta
ASV29,species,Sebastes,NA,Scorpaeniformes,Sebastidae,Sebastes,Sebastes,Sebastes
ASV391,species,Sebastes,NA,Scorpaeniformes,Sebastidae,Sebastes,Sebastes,Sebastes
ASV489,species,Sebastes,NA,Scorpaeniformes,Sebastidae,Sebastes,Sebastes,Sebastes
ASV67,species,Sebastes,NA,Scorpaeniformes,Sebastidae,Sebastes,Sebastes,Sebastes
ASV16,species,Sebastes,NA,Scorpaeniformes,Sebastidae,Sebastes,Sebastes,Sebastes
ASV279,species,Squalus suckleyi,Elasmobranchii,Squaliformes,Squalidae,Squalus,Squalus suckleyi,Squalus suckleyi
ASV14,species,Thaleichthys pacificus,NA,Osmeriformes,Osmeridae,Thaleichthys,Thaleichthys pacificus,Thaleichthys pacificus
ASV309,species,Thaleichthys pacificus,NA,Osmeriformes,Osmeridae,Thaleichthys,Thaleichthys pacificus,Thaleichthys pacificus
ASV335,species,Thaleichthys pacificus,NA,Osmeriformes,Osmeridae,Thaleichthys,Thaleichthys pacificus,Thaleichthys pacificus
ASV344,species,Thaleichthys pacificus,NA,Osmeriformes,Osmeridae,Thaleichthys,Thaleichthys pacificus,Thaleichthys pacificus
ASV362,species,Thaleichthys pacificus,NA,Osmeriformes,Osmeridae,Thaleichthys,Thaleichthys pacificus,Thaleichthys pacificus
ASV532,species,Thaleichthys pacificus,NA,Osmeriformes,Osmeridae,Thaleichthys,Thaleichthys pacificus,Thaleichthys pacificus
ASV556,species,Thaleichthys pacificus,NA,Osmeriformes,Osmeridae,Thaleichthys,Thaleichthys pacificus,Thaleichthys pacificus
ASV502,species,Thaleichthys pacificus,NA,Osmeriformes,Osmeridae,Thaleichthys,Thaleichthys pacificus,Thaleichthys pacificus
ASV598,species,Thaleichthys pacificus,NA,Osmeriformes,Osmeridae,Thaleichthys,Thaleichthys pacificus,Thaleichthys pacificus
NA,NA,NA,NA,NA,NA,NA,NA,NA
NA,NA,NA,NA,NA,NA,NA,NA,NA
ASV258,genus,Gadus chalcogrammus,NA,Gadiformes,Gadidae,Gadus,Gadus chalcogrammus,"Gadus chalcogrammus, Gadus macrocephalus"
ASV177,genus,Gadus chalcogrammus,NA,Gadiformes,Gadidae,Gadus,Gadus chalcogrammus,"Gadus chalcogrammus, Gadus macrocephalus"
ASV491,genus,Gadus chalcogrammus,NA,Gadiformes,Gadidae,Gadus,Gadus chalcogrammus,"Gadus chalcogrammus, Gadus macrocephalus"
ASV512,genus,Gadus chalcogrammus,NA,Gadiformes,Gadidae,Gadus,Gadus chalcogrammus,"Gadus chalcogrammus, Gadus macrocephalus"
ASV121,genus,Gadus chalcogrammus,NA,Gadiformes,Gadidae,Gadus,Gadus chalcogrammus,"Gadus chalcogrammus, Gadus macrocephalus"
ASV164,genus,Gadus chalcogrammus,NA,Gadiformes,Gadidae,Gadus,Gadus chalcogrammus,"Gadus chalcogrammus, Gadus macrocephalus"
ASV202,genus,Gadus chalcogrammus,NA,Gadiformes,Gadidae,Gadus,Gadus chalcogrammus,"Gadus chalcogrammus, Gadus macrocephalus"
ASV270,genus,Gadus chalcogrammus,NA,Gadiformes,Gadidae,Gadus,Gadus chalcogrammus,"Gadus chalcogrammus, Gadus macrocephalus"
ASV223,genus,Gadus chalcogrammus,NA,Gadiformes,Gadidae,Gadus,Gadus chalcogrammus,"Gadus chalcogrammus, Gadus macrocephalus"
ASV237,genus,Gadus chalcogrammus,NA,Gadiformes,Gadidae,Gadus,Gadus chalcogrammus,"Gadus chalcogrammus, Gadus macrocephalus"
ASV276,genus,Gadus chalcogrammus,NA,Gadiformes,Gadidae,Gadus,Gadus chalcogrammus,"Gadus chalcogrammus, Gadus macrocephalus"
ASV173,genus,Gadus chalcogrammus,NA,Gadiformes,Gadidae,Gadus,Gadus chalcogrammus,"Gadus chalcogrammus, Gadus macrocephalus"
ASV178,genus,Gadus chalcogrammus,NA,Gadiformes,Gadidae,Gadus,Gadus chalcogrammus,"Gadus chalcogrammus, Gadus macrocephalus"
ASV284,genus,Gadus chalcogrammus,NA,Gadiformes,Gadidae,Gadus,Gadus chalcogrammus,"Gadus chalcogrammus, Gadus macrocephalus"
ASV294,genus,Gadus chalcogrammus,NA,Gadiformes,Gadidae,Gadus,Gadus chalcogrammus,"Gadus chalcogrammus, Gadus macrocephalus"
ASV241,genus,Gadus chalcogrammus,NA,Gadiformes,Gadidae,Gadus,Gadus chalcogrammus,"Gadus chalcogrammus, Gadus macrocephalus"
ASV540,genus,Gadus chalcogrammus,NA,Gadiformes,Gadidae,Gadus,Gadus chalcogrammus,"Gadus chalcogrammus, Gadus macrocephalus"
ASV303,genus,Gadus chalcogrammus,NA,Gadiformes,Gadidae,Gadus,Gadus chalcogrammus,"Gadus chalcogrammus, Gadus macrocephalus"
ASV405,genus,Gadus chalcogrammus,NA,Gadiformes,Gadidae,Gadus,Gadus chalcogrammus,"Gadus chalcogrammus, Gadus macrocephalus"
ASV27,genus,Gadus chalcogrammus,NA,Gadiformes,Gadidae,Gadus,Gadus chalcogrammus,"Gadus chalcogrammus, Gadus macrocephalus"
ASV132,genus,Gadus chalcogrammus,NA,Gadiformes,Gadidae,Gadus,Gadus chalcogrammus,"Gadus chalcogrammus, Gadus macrocephalus"
ASV137,genus,Gadus chalcogrammus,NA,Gadiformes,Gadidae,Gadus,Gadus chalcogrammus,"Gadus chalcogrammus, Gadus macrocephalus"
ASV337,genus,Gadus chalcogrammus,NA,Gadiformes,Gadidae,Gadus,Gadus chalcogrammus,"Gadus chalcogrammus, Gadus macrocephalus"
ASV11,genus,Gadus chalcogrammus,NA,Gadiformes,Gadidae,Gadus,Gadus chalcogrammus,"Gadus chalcogrammus, Gadus macrocephalus"
ASV339,genus,Gadus chalcogrammus,NA,Gadiformes,Gadidae,Gadus,Gadus chalcogrammus,"Gadus chalcogrammus, Gadus macrocephalus"
ASV221,genus,Gadus chalcogrammus,NA,Gadiformes,Gadidae,Gadus,Gadus chalcogrammus,"Gadus chalcogrammus, Gadus macrocephalus"
ASV375,genus,Gadus chalcogrammus,NA,Gadiformes,Gadidae,Gadus,Gadus chalcogrammus,"Gadus chalcogrammus, Gadus macrocephalus"
ASV377,genus,Gadus chalcogrammus,NA,Gadiformes,Gadidae,Gadus,Gadus chalcogrammus,"Gadus chalcogrammus, Gadus macrocephalus"
ASV295,genus,Gadus chalcogrammus,NA,Gadiformes,Gadidae,Gadus,Gadus chalcogrammus,"Gadus chalcogrammus, Gadus macrocephalus"
ASV102,genus,Gadus chalcogrammus,NA,Gadiformes,Gadidae,Gadus,Gadus chalcogrammus,"Gadus chalcogrammus, Gadus macrocephalus"
ASV192,genus,Gadus chalcogrammus,NA,Gadiformes,Gadidae,Gadus,Gadus chalcogrammus,"Gadus chalcogrammus, Gadus macrocephalus"
ASV2,genus,Gadus chalcogrammus,NA,Gadiformes,Gadidae,Gadus,Gadus chalcogrammus,"Gadus chalcogrammus, Gadus macrocephalus"
ASV321,genus,Gadus chalcogrammus,NA,Gadiformes,Gadidae,Gadus,Gadus chalcogrammus,"Gadus chalcogrammus, Gadus macrocephalus"
ASV404,genus,Gadus chalcogrammus,NA,Gadiformes,Gadidae,Gadus,Gadus chalcogrammus,"Gadus chalcogrammus, Gadus macrocephalus"
ASV407,genus,Gadus chalcogrammus,NA,Gadiformes,Gadidae,Gadus,Gadus chalcogrammus,"Gadus chalcogrammus, Gadus macrocephalus"
ASV594,genus,Gadus chalcogrammus,NA,Gadiformes,Gadidae,Gadus,Gadus chalcogrammus,"Gadus chalcogrammus, Gadus macrocephalus"
ASV215,genus,Gadus chalcogrammus,NA,Gadiformes,Gadidae,Gadus,Gadus chalcogrammus,"Gadus chalcogrammus, Gadus macrocephalus"
ASV217,genus,Gadus chalcogrammus,NA,Gadiformes,Gadidae,Gadus,Gadus chalcogrammus,"Gadus chalcogrammus, Gadus macrocephalus"
ASV281,genus,Gadus chalcogrammus,NA,Gadiformes,Gadidae,Gadus,Gadus chalcogrammus,"Gadus chalcogrammus, Gadus macrocephalus"
ASV427,genus,Gadus chalcogrammus,NA,Gadiformes,Gadidae,Gadus,Gadus chalcogrammus,"Gadus chalcogrammus, Gadus macrocephalus"
ASV428,genus,Gadus chalcogrammus,NA,Gadiformes,Gadidae,Gadus,Gadus chalcogrammus,"Gadus chalcogrammus, Gadus macrocephalus"
ASV183,genus,Gadus chalcogrammus,NA,Gadiformes,Gadidae,Gadus,Gadus chalcogrammus,"Gadus chalcogrammus, Gadus macrocephalus"
ASV345,genus,Gadus chalcogrammus,NA,Gadiformes,Gadidae,Gadus,Gadus chalcogrammus,"Gadus chalcogrammus, Gadus macrocephalus"
ASV232,genus,Gadus chalcogrammus,NA,Gadiformes,Gadidae,Gadus,Gadus chalcogrammus,"Gadus chalcogrammus, Gadus macrocephalus"
ASV236,genus,Gadus chalcogrammus,NA,Gadiformes,Gadidae,Gadus,Gadus chalcogrammus,"Gadus chalcogrammus, Gadus macrocephalus"
ASV44,genus,Gadus chalcogrammus,NA,Gadiformes,Gadidae,Gadus,Gadus chalcogrammus,"Gadus chalcogrammus, Gadus macrocephalus"
ASV456,genus,Gadus chalcogrammus,NA,Gadiformes,Gadidae,Gadus,Gadus chalcogrammus,"Gadus chalcogrammus, Gadus macrocephalus"
ASV468,genus,Gadus chalcogrammus,NA,Gadiformes,Gadidae,Gadus,Gadus chalcogrammus,"Gadus chalcogrammus, Gadus macrocephalus"
ASV272,genus,Gadus chalcogrammus,NA,Gadiformes,Gadidae,Gadus,Gadus chalcogrammus,"Gadus chalcogrammus, Gadus macrocephalus"
ASV275,genus,Gadus chalcogrammus,NA,Gadiformes,Gadidae,Gadus,Gadus chalcogrammus,"Gadus chalcogrammus, Gadus macrocephalus"
ASV484,genus,Gadus chalcogrammus,NA,Gadiformes,Gadidae,Gadus,Gadus chalcogrammus,"Gadus chalcogrammus, Gadus macrocephalus"
ASV354,genus,Gadus chalcogrammus,NA,Gadiformes,Gadidae,Gadus,Gadus chalcogrammus,"Gadus chalcogrammus, Gadus macrocephalus"
ASV493,genus,Gadus chalcogrammus,NA,Gadiformes,Gadidae,Gadus,Gadus chalcogrammus,"Gadus chalcogrammus, Gadus macrocephalus"
ASV499,genus,Gadus chalcogrammus,NA,Gadiformes,Gadidae,Gadus,Gadus chalcogrammus,"Gadus chalcogrammus, Gadus macrocephalus"
ASV507,genus,Gadus chalcogrammus,NA,Gadiformes,Gadidae,Gadus,Gadus chalcogrammus,"Gadus chalcogrammus, Gadus macrocephalus"
ASV379,genus,Gadus chalcogrammus,NA,Gadiformes,Gadidae,Gadus,Gadus chalcogrammus,"Gadus chalcogrammus, Gadus macrocephalus"
ASV10,genus,Gadus chalcogrammus,NA,Gadiformes,Gadidae,Gadus,Gadus chalcogrammus,"Gadus chalcogrammus, Gadus macrocephalus"
ASV511,genus,Gadus chalcogrammus,NA,Gadiformes,Gadidae,Gadus,Gadus chalcogrammus,"Gadus chalcogrammus, Gadus macrocephalus"
ASV31,genus,Gadus chalcogrammus,NA,Gadiformes,Gadidae,Gadus,Gadus chalcogrammus,"Gadus chalcogrammus, Gadus macrocephalus"
ASV520,genus,Gadus chalcogrammus,NA,Gadiformes,Gadidae,Gadus,Gadus chalcogrammus,"Gadus chalcogrammus, Gadus macrocephalus"
ASV522,genus,Gadus chalcogrammus,NA,Gadiformes,Gadidae,Gadus,Gadus chalcogrammus,"Gadus chalcogrammus, Gadus macrocephalus"
ASV523,genus,Gadus chalcogrammus,NA,Gadiformes,Gadidae,Gadus,Gadus chalcogrammus,"Gadus chalcogrammus, Gadus macrocephalus"
ASV530,genus,Gadus chalcogrammus,NA,Gadiformes,Gadidae,Gadus,Gadus chalcogrammus,"Gadus chalcogrammus, Gadus macrocephalus"
ASV338,genus,Gadus chalcogrammus,NA,Gadiformes,Gadidae,Gadus,Gadus chalcogrammus,"Gadus chalcogrammus, Gadus macrocephalus"
ASV537,genus,Gadus chalcogrammus,NA,Gadiformes,Gadidae,Gadus,Gadus chalcogrammus,"Gadus chalcogrammus, Gadus macrocephalus"
ASV555,genus,Gadus chalcogrammus,NA,Gadiformes,Gadidae,Gadus,Gadus chalcogrammus,"Gadus chalcogrammus, Gadus macrocephalus"
ASV560,genus,Gadus chalcogrammus,NA,Gadiformes,Gadidae,Gadus,Gadus chalcogrammus,"Gadus chalcogrammus, Gadus macrocephalus"
ASV561,genus,Gadus chalcogrammus,NA,Gadiformes,Gadidae,Gadus,Gadus chalcogrammus,"Gadus chalcogrammus, Gadus macrocephalus"
ASV508,genus,Gadus chalcogrammus,NA,Gadiformes,Gadidae,Gadus,Gadus chalcogrammus,"Gadus chalcogrammus, Gadus macrocephalus"
ASV573,genus,Gadus chalcogrammus,NA,Gadiformes,Gadidae,Gadus,Gadus chalcogrammus,"Gadus chalcogrammus, Gadus macrocephalus"
ASV381,genus,Gadus chalcogrammus,NA,Gadiformes,Gadidae,Gadus,Gadus chalcogrammus,"Gadus chalcogrammus, Gadus macrocephalus"
ASV587,genus,Gadus chalcogrammus,NA,Gadiformes,Gadidae,Gadus,Gadus chalcogrammus,"Gadus chalcogrammus, Gadus macrocephalus"
ASV200,genus,Gadus chalcogrammus,NA,Gadiformes,Gadidae,Gadus,Gadus chalcogrammus,"Gadus chalcogrammus, Gadus macrocephalus"
ASV591,genus,Gadus chalcogrammus,NA,Gadiformes,Gadidae,Gadus,Gadus chalcogrammus,"Gadus chalcogrammus, Gadus macrocephalus"
ASV592,genus,Gadus chalcogrammus,NA,Gadiformes,Gadidae,Gadus,Gadus chalcogrammus,"Gadus chalcogrammus, Gadus macrocephalus"
ASV88,genus,Gadus chalcogrammus,NA,Gadiformes,Gadidae,Gadus,Gadus chalcogrammus,"Gadus chalcogrammus, Gadus macrocephalus"
ASV600,genus,Gadus chalcogrammus,NA,Gadiformes,Gadidae,Gadus,Gadus chalcogrammus,"Gadus chalcogrammus, Gadus macrocephalus"
ASV603,genus,Gadus chalcogrammus,NA,Gadiformes,Gadidae,Gadus,Gadus chalcogrammus,"Gadus chalcogrammus, Gadus macrocephalus"
ASV426,genus,Gadus chalcogrammus,NA,Gadiformes,Gadidae,Gadus,Gadus chalcogrammus,"Gadus chalcogrammus, Gadus macrocephalus"
ASV623,genus,Gadus chalcogrammus,NA,Gadiformes,Gadidae,Gadus,Gadus chalcogrammus,"Gadus chalcogrammus, Gadus macrocephalus"
ASV627,genus,Gadus chalcogrammus,NA,Gadiformes,Gadidae,Gadus,Gadus chalcogrammus,"Gadus chalcogrammus, Gadus macrocephalus"
ASV571,genus,Gadus chalcogrammus,NA,Gadiformes,Gadidae,Gadus,Gadus chalcogrammus,"Gadus chalcogrammus, Gadus macrocephalus"
ASV225,genus,Gadus chalcogrammus,NA,Gadiformes,Gadidae,Gadus,Gadus chalcogrammus,"Gadus chalcogrammus, Gadus macrocephalus"
ASV435,genus,Gadus chalcogrammus,NA,Gadiformes,Gadidae,Gadus,Gadus chalcogrammus,"Gadus chalcogrammus, Gadus macrocephalus"
ASV437,genus,Gadus chalcogrammus,NA,Gadiformes,Gadidae,Gadus,Gadus chalcogrammus,"Gadus chalcogrammus, Gadus macrocephalus"
ASV640,genus,Gadus chalcogrammus,NA,Gadiformes,Gadidae,Gadus,Gadus chalcogrammus,"Gadus chalcogrammus, Gadus macrocephalus"
ASV642,genus,Gadus chalcogrammus,NA,Gadiformes,Gadidae,Gadus,Gadus chalcogrammus,"Gadus chalcogrammus, Gadus macrocephalus"
ASV80,genus,Gadus chalcogrammus,NA,Gadiformes,Gadidae,Gadus,Gadus chalcogrammus,"Gadus chalcogrammus, Gadus macrocephalus"
ASV482,genus,Gadus chalcogrammus,NA,Gadiformes,Gadidae,Gadus,Gadus chalcogrammus,"Gadus chalcogrammus, Gadus macrocephalus"
ASV95,genus,Gadus chalcogrammus,NA,Gadiformes,Gadidae,Gadus,Gadus chalcogrammus,"Gadus chalcogrammus, Gadus macrocephalus"
ASV155,genus,Liparis dennyi/fucensis,NA,Scorpaeniformes,Liparidae,Liparis,Liparis dennyi/fucensis,"Liparis dennyi, Liparis fucensis"
ASV409,genus,Anoplarchus insignis/purpurescens,NA,Perciformes,Stichaeidae,Anoplarchus,Anoplarchus insignis/purpurescens,"Anoplarchus insignis, Anoplarchus purpurescens"
ASV422,genus,Anoplarchus insignis/purpurescens,NA,Perciformes,Stichaeidae,Anoplarchus,Anoplarchus insignis/purpurescens,"Anoplarchus insignis, Anoplarchus purpurescens"
ASV48,genus,Gadus chalcogrammus,NA,Gadiformes,Gadidae,Gadus,Gadus chalcogrammus,"Gadus chalcogrammus, Gadus macrocephalus"
ASV498,genus,Gadus chalcogrammus,NA,Gadiformes,Gadidae,Gadus,Gadus chalcogrammus,"Gadus chalcogrammus, Gadus macrocephalus"
ASV149,genus,Liparis dennyi/fucensis,NA,Scorpaeniformes,Liparidae,Liparis,Liparis dennyi/fucensis,"Liparis dennyi, Liparis fucensis"
ASV42,genus,Liparis dennyi/fucensis,NA,Scorpaeniformes,Liparidae,Liparis,Liparis dennyi/fucensis,"Liparis dennyi, Liparis fucensis"
ASV473,genus,Liparis dennyi/fucensis,NA,Scorpaeniformes,Liparidae,Liparis,Liparis dennyi/fucensis,"Liparis dennyi, Liparis fucensis"
ASV372,genus,Oligocottus maculosus/snyderi,NA,Scorpaeniformes,Cottidae,Oligocottus,Oligocottus maculosus/snyderi,"Oligocottus maculosus, Oligocottus snyderi"
ASV91,genus,Oligocottus maculosus/snyderi,NA,Scorpaeniformes,Cottidae,Oligocottus,Oligocottus maculosus/snyderi,"Oligocottus maculosus, Oligocottus snyderi"
ASV134,genus,Sebastes,NA,Scorpaeniformes,Sebastidae,Sebastes,Sebastes,"Sebastes aleutianus, Sebastes alutus, Sebastes babcocki, Sebastes brevispinis, Sebastes elongatus, Sebastes emphaeus, Sebastes flavidus, Sebastes goodei, Sebastes helvomaculatus, Sebastes melanops, Sebastes melanostictus, Sebastes miniatus, Sebastes proriger, Sebastes rosaceus, Sebastes ruberrimus, Sebastes variegatus, Sebastes wilsoni, Sebastes zacentrus"
ASV220,genus,Sebastes,NA,Scorpaeniformes,Sebastidae,Sebastes,Sebastes,"Sebastes aleutianus, Sebastes alutus, Sebastes babcocki, Sebastes brevispinis, Sebastes elongatus, Sebastes emphaeus, Sebastes flavidus, Sebastes goodei, Sebastes helvomaculatus, Sebastes melanops, Sebastes melanostictus, Sebastes miniatus, Sebastes proriger, Sebastes rosaceus, Sebastes ruberrimus, Sebastes variegatus, Sebastes wilsoni, Sebastes zacentrus"
ASV252,genus,Sebastes,NA,Scorpaeniformes,Sebastidae,Sebastes,Sebastes,"Sebastes aleutianus, Sebastes alutus, Sebastes babcocki, Sebastes brevispinis, Sebastes elongatus, Sebastes emphaeus, Sebastes flavidus, Sebastes goodei, Sebastes helvomaculatus, Sebastes melanops, Sebastes melanostictus, Sebastes miniatus, Sebastes proriger, Sebastes rosaceus, Sebastes ruberrimus, Sebastes variegatus, Sebastes wilsoni, Sebastes zacentrus"
ASV406,genus,Sebastes,NA,Scorpaeniformes,Sebastidae,Sebastes,Sebastes,"Sebastes aleutianus, Sebastes alutus, Sebastes babcocki, Sebastes brevispinis, Sebastes elongatus, Sebastes emphaeus, Sebastes flavidus, Sebastes goodei, Sebastes helvomaculatus, Sebastes melanops, Sebastes melanostictus, Sebastes miniatus, Sebastes proriger, Sebastes rosaceus, Sebastes ruberrimus, Sebastes variegatus, Sebastes wilsoni, Sebastes zacentrus"
ASV446,genus,Sebastes,NA,Scorpaeniformes,Sebastidae,Sebastes,Sebastes,"Sebastes aleutianus, Sebastes alutus, Sebastes babcocki, Sebastes brevispinis, Sebastes elongatus, Sebastes emphaeus, Sebastes flavidus, Sebastes goodei, Sebastes helvomaculatus, Sebastes melanops, Sebastes melanostictus, Sebastes miniatus, Sebastes proriger, Sebastes rosaceus, Sebastes ruberrimus, Sebastes variegatus, Sebastes wilsoni, Sebastes zacentrus"
ASV414,genus,Sebastes,NA,Scorpaeniformes,Sebastidae,Sebastes,Sebastes,"Sebastes aleutianus, Sebastes alutus, Sebastes babcocki, Sebastes brevispinis, Sebastes elongatus, Sebastes emphaeus, Sebastes flavidus, Sebastes goodei, Sebastes helvomaculatus, Sebastes melanops, Sebastes melanostictus, Sebastes miniatus, Sebastes proriger, Sebastes rosaceus, Sebastes ruberrimus, Sebastes variegatus, Sebastes wilsoni, Sebastes zacentrus"
ASV392,genus,Sebastes,NA,Scorpaeniformes,Sebastidae,Sebastes,Sebastes,"Sebastes aleutianus, Sebastes alutus, Sebastes babcocki, Sebastes brevispinis, Sebastes elongatus, Sebastes emphaeus, Sebastes flavidus, Sebastes goodei, Sebastes helvomaculatus, Sebastes melanops, Sebastes melanostictus, Sebastes miniatus, Sebastes proriger, Sebastes rosaceus, Sebastes ruberrimus, Sebastes variegatus, Sebastes wilsoni, Sebastes zacentrus"
ASV528,genus,Sebastes,NA,Scorpaeniformes,Sebastidae,Sebastes,Sebastes,"Sebastes aleutianus, Sebastes alutus, Sebastes babcocki, Sebastes brevispinis, Sebastes elongatus, Sebastes emphaeus, Sebastes flavidus, Sebastes goodei, Sebastes helvomaculatus, Sebastes melanops, Sebastes melanostictus, Sebastes miniatus, Sebastes proriger, Sebastes rosaceus, Sebastes ruberrimus, Sebastes variegatus, Sebastes wilsoni, Sebastes zacentrus"
ASV538,genus,Sebastes,NA,Scorpaeniformes,Sebastidae,Sebastes,Sebastes,"Sebastes aleutianus, Sebastes alutus, Sebastes babcocki, Sebastes brevispinis, Sebastes elongatus, Sebastes emphaeus, Sebastes flavidus, Sebastes goodei, Sebastes helvomaculatus, Sebastes melanops, Sebastes melanostictus, Sebastes miniatus, Sebastes proriger, Sebastes rosaceus, Sebastes ruberrimus, Sebastes variegatus, Sebastes wilsoni, Sebastes zacentrus"
ASV572,genus,Sebastes,NA,Scorpaeniformes,Sebastidae,Sebastes,Sebastes,"Sebastes aleutianus, Sebastes alutus, Sebastes babcocki, Sebastes brevispinis, Sebastes elongatus, Sebastes emphaeus, Sebastes flavidus, Sebastes goodei, Sebastes helvomaculatus, Sebastes melanops, Sebastes melanostictus, Sebastes miniatus, Sebastes proriger, Sebastes rosaceus, Sebastes ruberrimus, Sebastes variegatus, Sebastes wilsoni, Sebastes zacentrus"
ASV505,genus,Sebastes,NA,Scorpaeniformes,Sebastidae,Sebastes,Sebastes,"Sebastes aleutianus, Sebastes alutus, Sebastes babcocki, Sebastes brevispinis, Sebastes elongatus, Sebastes emphaeus, Sebastes flavidus, Sebastes goodei, Sebastes helvomaculatus, Sebastes melanops, Sebastes melanostictus, Sebastes miniatus, Sebastes proriger, Sebastes rosaceus, Sebastes ruberrimus, Sebastes variegatus, Sebastes wilsoni, Sebastes zacentrus"
ASV628,genus,Sebastes,NA,Scorpaeniformes,Sebastidae,Sebastes,Sebastes,"Sebastes aleutianus, Sebastes alutus, Sebastes babcocki, Sebastes brevispinis, Sebastes elongatus, Sebastes emphaeus, Sebastes flavidus, Sebastes goodei, Sebastes helvomaculatus, Sebastes melanops, Sebastes melanostictus, Sebastes miniatus, Sebastes proriger, Sebastes rosaceus, Sebastes ruberrimus, Sebastes variegatus, Sebastes wilsoni, Sebastes zacentrus"
ASV6,genus,Sebastes,NA,Scorpaeniformes,Sebastidae,Sebastes,Sebastes,"Sebastes aleutianus, Sebastes alutus, Sebastes babcocki, Sebastes brevispinis, Sebastes elongatus, Sebastes emphaeus, Sebastes flavidus, Sebastes goodei, Sebastes helvomaculatus, Sebastes melanops, Sebastes melanostictus, Sebastes miniatus, Sebastes proriger, Sebastes rosaceus, Sebastes ruberrimus, Sebastes variegatus, Sebastes wilsoni, Sebastes zacentrus"
ASV580,genus,Sebastes,NA,Scorpaeniformes,Sebastidae,Sebastes,Sebastes,"Sebastes ciliatus, Sebastes crameri, Sebastes diploproa, Sebastes polyspinis, Sebastes reedi, Sebastes variabilis"
ASV633,genus,Sebastes,NA,Scorpaeniformes,Sebastidae,Sebastes,Sebastes,"Sebastes ciliatus, Sebastes crameri, Sebastes polyspinis, Sebastes reedi, Sebastes variabilis"
ASV92,genus,Sebastes,NA,Scorpaeniformes,Sebastidae,Sebastes,Sebastes,"Sebastes ciliatus, Sebastes crameri, Sebastes polyspinis, Sebastes reedi, Sebastes variabilis"
ASV17,genus,Sebastes,NA,Scorpaeniformes,Sebastidae,Sebastes,Sebastes,"Sebastes ciliatus, Sebastes crameri, Sebastes polyspinis, Sebastes reedi, Sebastes variabilis"
ASV143,genus,Sebastes,NA,Scorpaeniformes,Sebastidae,Sebastes,Sebastes,"Sebastes ciliatus, Sebastes crameri, Sebastes polyspinis, Sebastes reedi, Sebastes variabilis"
ASV301,genus,Sebastes,NA,Scorpaeniformes,Sebastidae,Sebastes,Sebastes,"Sebastes ciliatus, Sebastes crameri, Sebastes polyspinis, Sebastes reedi, Sebastes variabilis"
ASV453,genus,Sebastes,NA,Scorpaeniformes,Sebastidae,Sebastes,Sebastes,"Sebastes ciliatus, Sebastes crameri, Sebastes polyspinis, Sebastes reedi, Sebastes variabilis"
ASV578,genus,Sebastes,NA,Scorpaeniformes,Sebastidae,Sebastes,Sebastes,"Sebastes ciliatus, Sebastes crameri, Sebastes polyspinis, Sebastes reedi, Sebastes variabilis"
ASV577,genus,Sebastes,NA,Scorpaeniformes,Sebastidae,Sebastolobus,Sebastes,"Sebastolobus alascanus, Sebastolobus altivelis, Sebastolobus macrochir"
ASV203,genus,Xiphister atropurpureus/mucosus,NA,Perciformes,Stichaeidae,Xiphister,Xiphister atropurpureus/mucosus,"Xiphister atropurpureus, Xiphister mucosus"
ASV37,genus,Xiphister atropurpureus/mucosus,NA,Perciformes,Stichaeidae,Xiphister,Xiphister atropurpureus/mucosus,"Xiphister atropurpureus, Xiphister mucosus"
ASV459,genus,Xiphister atropurpureus/mucosus,NA,Perciformes,Stichaeidae,Xiphister,Xiphister atropurpureus/mucosus,"Xiphister atropurpureus, Xiphister mucosus"
ASV601,genus,Xiphister atropurpureus/mucosus,NA,Perciformes,Stichaeidae,Xiphister,Xiphister atropurpureus/mucosus,"Xiphister atropurpureus, Xiphister mucosus"
ASV119,family,Bathylagidae1,NA,Osmeriformes,Bathylagidae,Bathylagidae1,Bathylagidae1,"Bathylagus pacificus, Pseudobathylagus milleri"
ASV100,family,Pleuronectidae2,NA,Pleuronectiformes,Pleuronectidae,Pleuronectidae2,Pleuronectidae2,"Isopsetta isolepis, Parophrys vetulus, Psettichthys melanostictus"
